Model,rmse,mae,r2,mse
LinearRegression,0.7325106624860162,0.5212631709868708,0.9786835926061679,0.5365718706557023
RandomForestRegressor,1.3953127732052228,1.0050609346118382,0.9226555331270743,1.9468977350696497
